"","x"
"1","AGOL -  ArcGIS Online"
"2","ArcGIS Pro"
"3","ArcGIS Desktop"
"4","ERDAS Imagine"
"5","SyncroSim"
"6","DSSAT Cropping System Model"
"7","QGIS"
"8","Microsoft Applications"
"9","R"
"10","Arc Map Pro"
"11","ArcGIS Online"
"12","ArcGIS"
"13","QGis"
"14","OnX App"
"15","Avenza Maps App"
"16","Esri software"
"17","R"
"18","GRASS GIS"
"19","postgreSQL"
"20","Arc GIS Online (AGOL)"
"21","Spatial analysis software"
"22","Microsoft Excel for Windows 10"
"23","SAS/STAT"
"24","Citrix Workspace"
"25","ESRI ArcGIS Pro"
"26","IrfanView"
"27","Google Earth Pro"
"28","Box"
"29","Google Earth Engine"
"30","Google Earth"
"31","SAS"
"32","Agricultural models"
"33","PC"
"34","APEX"
"35","softwares/programs"
"36","software"
"37","softwares"
"38","program"
"39","SAS"
"40","ArcMap"
"41","Microsoft Excel"
"42","Microsoft Office"
"43","SigmaPlot"
"44","GraphPad"
"45","Chemwindows"
"46","MatLab"
"47","Waters MassLynx Software"
"48","Agilent MassHunter Software"
"49","SAS"
"50","R"
"51","SAS"
"52","ArcGIS Pro"
"53","Google Earth Pro"
"54","MS Teams"
"55","Microsoft Excel"
"56","ESRI ArcGIS"
"57","Statistix"
"58","Sigma Plot"
"59","ArcGIS Pro"
"60","ArcGIS Online"
"61","Program R"
"62","DNAStar Software Suite"
"63","Blast Station 64 Local"
"64","CLC Genome workbench"
"65","OmixBox"
"66","Google Earth, Sentinel Explorer"
"67","Survey 123"
"68","DAYCENT"
"69","Dashboard and tools for data visualization"
"70","Microsoft Office Package"
"71","SAS"
"72","Sigma Plot"
"73","Adobe Acrobat"
"74","Google Chrome"
"75","Microsoft Edge"
"76","R-Studio"
"77","MATLAB"
"78","Ag Sense"
"79","ArcGIS"
"80","Geneious Software"
"81","EDGAR"
"82","MacVector"
"83","Microsoft Office Excel, Powerpoint, Word, Publisher, Outlook"
"84","Techware Logbook"
"85","FileMarker Pro"
"86","Programming languages: Python, Fortran, R, Matlab, CRBasic"
"87","GIS tools"
"88","Unit Website"
"89","SAS"
"90","R and R-Studio Software"
"91","HPCs (ARS Atlas and Ceres Clusters)"
"92","Google Earth Engine"
"93","ArcGIS Pro"
"94","Agisoft Metashape Pro"
"95","ArcGIS"
"96","Lakes Environmental AERMOD View"
"97","GeoData"
"98","Tableau & Dashboard"
"99","Qiime2"
"100","R  and R Studio"
"101","Silva"
"102","Ribosomal Database Project"
"103","Excel"
"104","Word"
"105","PowerPoint"
"106","Outlook"
"107","Linux operating system (Ubuntu)"
"108","PrimerPlex version 2.62 (PREMIER Biosoft, Palo Alto, CA, USA)"
"109","Various laboratory-stationed analytical instruments having proprietary operational and quantification software."
"110","SAS"
"111","GeneMapper"
"112","SnapGene"
"113","SAS"
"114","A Plasmid Editor (ApE)"
"115","AutoCad"
"116","SAS"
"117","MS OFFICE"
"118","One Drive"
"119","BOX"
"120","github"
"121","Terrestrial Regional Ecosystem Exchange Simulator (TREES) model"
"122","Linux operating systems"
"123","Office 365"
"124","Microsoft Visio"
"125","Farm Works"
"126","Praxidyn Intersect"
"127","SAS"
"128","pix4D"
"129","Agisoft MetaShape"
"130","Loggernet"
"131","Mission Planner"
"132","ArcGIS Pro"
"133","PathFinder"
"134",", R + RStudio"
"135","LI7700 1.0.5"
"136","LI7X00 A RS DS 8.8.36"
"137","EddyPro"
"138","GHG File Transfer 2.0.1"
"139","Blueprint Utility 1.1.2"
"140","Tovi"
"141","Excel"
"142","ArcGIS and ArcGIS Pro"
"143","R (stat program)"
"144","MATLAB"
"145","SAS"
"146","SigmaPlot"
"147","ArcMap and Google earth"
"148","commercially available software programs"
"149","Microsoft Excel"
"150","Campbell Scientific software (PC 400, Insight)"
"151","ESRI Products"
"152","ArcAPEX"
"153","OpenWebStart"
"154","GFORTRAN"
"155","NETBEANS"
"156","Mantis"
"157","Jenkins"
"158","OpenJDK"
"159","Geographic Resources Analysis Support System (GRASS)"
"160","QGIS"
"161","Worldwind"
"162","JavaScript"
"163","ESRI Field Maps"
"164","ArcGIS Pro"
"165","Google Earth Engine"
"166","Esri Suite of Software"
"167","R"
"168","Python"
"169","ERDAS IMAGINE"
"170","ArcMap"
"171","ATLAS High Performance Computer"
"172","Excel data sets"
"173","ERDAS IMAGINE"
"174","Campbell Scientific LoggerNet"
"175","Trimble GPS Pathfinder"
"176","ARC GIS"
"177","Li-Cor EddyPro"
"178","UgCS"
"179","Pilot – flight planning and autopilot software for M210 and X7 sensors"
"180","Atlas Flight – flight planning and autopilot software for M210 and RedEdge sensor; also used to set up RedEdge sensor for data capture"
"181","HyperSpec III – hyperspec and lidar software for setting up sensors for data capture;  also used for downloading and processing hyperspec and lidar data"
"182","LiDAR360 – processing LiDAR data"
"183","Metashape Professional – used for processing RGB and RedEdge imagery"
"184","POSPac UAV – used to generate a post-corrected drone trajectory file from M600 and Applanix High Precison GPS/IMU"
"185","ArcGIS: including ArcMap and ArcGIS Pro"
"186","Google Earth Engine, Google Colab"
"187","RStudio (R environment), and PyCharm (python environment)"
"188","ArcGIS - ArcMap"
"189","Critical Mention"
"190","PoPS (Pest or Pathogen Spread) Model"
"191","Esri ArcGIS"
"192","Google Earth"
"193","Google"
"194","Microsoft"
"195","Raw and processed data from instruments used for soil and water chemical measurements"
"196","Google Cloud"
"197","github"
"198","Kisters WISKI"
"199","ArcGIS Online (AGOL)"
"200","R Statistical Programming Language"
"201","ArcGIS Pro"
"202","Microsoft Desktop & Web 360 suite of products"
"203","ESRI Survey-123"
"204","Graph Pad Prism"
"205","MS Office+EndNote+HSC Chemistry+Eddy Pro+JMP+WindTrax+Polymath+R+XLSTAT+Graphad+REFPROP+SAS"
"206","Microsoft Office (Excel, Word, Access, etc.)"
"207","ESRI-ARC GIS"
"208","ESRI ARC GIS Pro"
"209","Climex"
"210","Google Earth"
"211","ArcGIS Server"
"212","TerrSet GIS software"
"213","MicaSense Python apps for image processing"
"214","Esri ArcGIS Pro, Server, Image Analysis extension, and AcrGIS Online ARS account"
"215","ArcGIS"
"216","Python"
"217","R"
"218","Filezilla"
"219","Visual Studio Code"
"220","Fulcrum"
"221","Microsoft Excel"
"222","R"
"223","SAS/JMP"
"224","Esri Field Maps"
"225","ArcGIS"
"226","DSSAT"
"227","SAS"
"228","Golden Helix"
"229","ArcGIS"
"230","Pix4D"
"231","Routescene LiDARviewer"
"232","SpectralView"
"233","Toad Datapoint"
"234","Sigma Plot"
"235","R studio"
"236","EndNote"
"237","LAS X"
"238","Scaffold"
"239","Ingenuity pathway  analysis (IPA)"
"240","CLC genomic work bench"
"241","JMP genomics"
"242","R package"
"243","ArcGIS Pro"
"244","mothur"
"245","JMP"
"246","ArcGIS"
"247","Microsoft Excel"
"248","SciNet"
"249","XToolsPro"
"250","Aquarius"
"251","Sample Master LIMS (Laboratory Information Management System)"
"252","Wireless infrared thermometers"
"253","OneDrive + R"
"254","Image processing software and GIS software"
"255","Pix4D"
"256","combine yield monitor"
"257","Canopeo"
"258","DSSAT model"
"259","SAS and JMP"
"260","Microsoft Products"
"261","ESRI products (ArcMap, ArcPro, FieldMaps, ArcGIS Online)"
"262","SAS"
"263","MATLAB"
"264","LabView"
"265","Cogito Studio Express (CSE)"
"266","VocBench"
"267","Survey 123"
"268","Minitab"
"269","PCORD"
"270","ARIS"
"271","Lindsay FieldNet"
"272","ESRI ArcGIS Enterprise Software"
"273","Remote sensing imagery including Google Earth Engine, MS Office 365, SAS, SigmaPlot, Google Earth, NRCS Web Soil Survey, Google Chrome, Zoom Webex"
"274","FPAC Qualtrics"
"275","Vistrails/SAHM"
"276","R"
"277","Climex/Dymex"
"278","AdobeCreativeCloudDesktop"
"279","Alma-D"
"280","archiveit"
"281","Archivematica"
"282","Archives Space"
"283","Audacity"
"284","AudioVisualPreservationSolutionsFixityPro"
"285","bagger"
"286","BitCurator"
"287","Box"
"288","bulk_extractor"
"289","CaptureOne Pro CH"
"290","ClamAV"
"291","CloneSpy"
"292","colorchecker display plus"
"293","dupeGuru"
"294","EclipseFoundationOxygen"
"295","EvolusPencil"
"296","exactly"
"297","Exiftool"
"298","FFMpeg"
"299","fromthepage"
"300","Handbrake"
"301","7zip"
"302","ImageMagick"
"303","Internet archive metamanager"
"304","internetarchive commandline tool"
"305","Irfanview"
"306","JAMTreeSizeProfessional"
"307","JIRA"
"308","Confluence"
"309","Karens-Directory-Printer"
"310","MicrosoftPowerShell"
"311","MS O365 Suite"
"312","MSVisioStandard"
"313","NationalArchivesUKDROID"
"314","Omeka"
"315","OpenRefine"
"316","PDFSAM"
"317","Strawberry Perl"
"318","Postman"
"319","Primo"
"320","pycharm"
"321","Python"
"322","reftracker"
"323","ReNamer"
"324","ScooterBeyondCompare"
"325","silverfast"
"326","PuTTY"
"327","tableau"
"328","Camtasia"
"329","TerraCopy"
"330","MarcEdit"
"331","DROID"
"332","Voyager"
"333","WebTA"
"334","AgLearn"
"335","MyEPP"
"336","EPMS"
"337","ArcGIS Pro"
"338","Digital Globe"
"339","R studio"
"340","ARC GIS"
"341","Microsoft Office"
"342","JMP"
"343","ArcMap"
"344","GeoDa"
"345","Microsoft Office"
"346","SAS"
"347","SMS Basic"
"348","Yield Editor"
"349","Vesper"
"350","Climex"
"351","Maximum Entropy Species Distribution Modeling (MaxEnt)"
"352","USDA Tableau Server"
"353","Enterprise Performance Management Application"
"354","CONCURGOV"
"355","AgLearn"
"356","WebTA"
"357","USAStaffing"
"358","USAJOBS"
"359","CLC Genomics Workbench"
"360","Google Maps"
"361","SWAT-LUT"
"362","SAS"
"363","SAS"
"364","Microsoft Office"
"365","Photoshop"
"366","Microsoft office"
"367","SAS"
"368","SigmaPlot"
"369","Matrix Gemini"
"370","ChemDraw"
"371","Microsoft Office"
"372","JMP"
"373","KaleidaGraph"
"374","NFC webTA (KRONOS)"
"375","NFC EmpowHR (Peoplesoft)"
"376","CLEAR - Thomson Reuters"
"377","Reasonable Accommodation"
"378","USA Staffing - OPM"
"379","NFC's Insight (Oracle)"
"380","R programming language"
"381","ESRI ArcGIS"
"382","Python programming language"
"383","Q Ground Control"
"384","Ag Data Commons"
"385","Tableau Desktop"
"386","Microsoft Excel"
"387","ACL Analytics"
"388","Jupyter Notebook"
"389","Google Data Studio"
"390","OpenRefine"
"391","Choptank Watershed database"
"392","Matlab"
"393","JMP"
"394","R"
"395","SAS"
"396","ESRI ArcGIS Pro"
"397","Google Earth Pro"
"398","ESRI ArcGIS Online"
"399","Sales Genie"
"400","SQL Server Management Studio"
"401","COGNOS"
"402","SalesForce"
"403","PowerBI - Metrics"
"404","SharePoint"
"405","MetaStorm"
"406","Azure"
"407","DataWalk"
"408","DNASTAR"
"409","MEGA (Molecular Evolutionary Genetics Analysis"
"410","raxmlGUI 2.0"
"411","Box"
"412","Microsoft Tools"
"413","OneDrive"
"414","MS Office"
"415","Visio"
"416","EndNote"
"417","Adobe Acrobat"
"418","SAS"
"419","SolidWorks"
"420","AutoCAD"
"421","Arduino IDE"
"422","Python"
"423","TensorFlow"
"424","TensorFlow Object Detection API"
"425","OpenCV"
"426","Anaconda"
"427","KiCad"
"428","Labview"
"429","Ultimake Cura"
"430","Mathcad"
"431","PCC Phantom Camera Control"
"432","Zoom"
"433","MCC DAQ"
"434","BioEdit"
"435","Phylogenetic Analysis by Maximum Likelihood (PAML)"
"436","Chromas"
"437","Sequence Demarcation Tool"
"438","PoloSuite v. 2.0"
"439","GNU Image Manipulation Program (GIMP)"
"440","Inkscape"
"441","SnapGene Viewer"
"442","MPI Bioinformatics Toolkit"
"443","FGENESV"
"444","GeneMark"
"445","Tandem Repeats Finder"
"446","Reputer"
"447","Google Colab"
"448","ArcGIS Online"
"449","ArcGIS Pro"
